{
    "feature_names": [
        "timestamp",
        "sensors.flow0.value",
        "sensors.flow1.value",
        "sensors.flow2.value",
        "sensors.flow3.value",
        "sensors.flow4.value",
        "sensors.pressure0.value",
        "sensors.pressure1.value",
        "sensors.pressure2.value",
        "sensors.pressure3.value",
        "sensors.pressure4.value",
        "sensors.pressure5.value",
        "valves.valve0.value",
        "valves.valve1.value",
        "valves.valve2.value",
        "valves.valve3.value",
        "valves.valve4.value",
        "valves.change_time",
        "valves.bigvalve0.value",
        "valves.bigvalve1.value"
    ],
    "mean": [
        1764848128.0,
        2.629362106323242,
        1.7768099308013916,
        0.6063228845596313,
        0.19635382294654846,
        1.7400660514831543,
        2.179168939590454,
        1.2077300548553467,
        1.1113942861557007,
        1.2291343212127686,
        1.1956630945205688,
        1.1906079053878784,
        0.49944227933883667,
        0.5008366107940674,
        0.49972113966941833,
        0.49944227933883667,
        0.49944227933883667,
        7.4298601150512695,
        0.6662018895149231,
        0.6673173308372498
    ],
    "std": [
        513.4124755859375,
        0.4052276313304901,
        0.26245757937431335,
        0.7254020571708679,
        0.3010554015636444,
        1.2505487203598022,
        0.27553844451904297,
        0.4025706350803375,
        0.03178052976727486,
        0.3967496454715729,
        0.404329776763916,
        0.4003795385360718,
        0.49999964237213135,
        0.4999992847442627,
        0.49999991059303284,
        0.49999964237213135,
        0.49999964237213135,
        5.135295391082764,
        0.4715685546398163,
        0.4711739718914032
    ]
}