{
    "feature_names": [
        "sensors.flow0.value",
        "sensors.flow1.value",
        "sensors.flow2.value",
        "sensors.flow3.value",
        "sensors.flow4.value",
        "sensors.pressure0.value",
        "sensors.pressure1.value",
        "sensors.pressure2.value",
        "sensors.pressure3.value",
        "sensors.pressure4.value",
        "sensors.pressure5.value",
        "valves.bigvalve0.value",
        "valves.bigvalve1.value",
        "valves.valve0.value",
        "valves.valve1.value",
        "valves.valve2.value",
        "valves.valve3.value",
        "valves.valve4.value",
        "valves.change_time"
    ],
    "mean": [
        2.7447426319122314,
        1.9209275245666504,
        0.594190239906311,
        0.2216469645500183,
        1.8762390613555908,
        2.2990782260894775,
        1.3614501953125,
        1.0437109470367432,
        1.379059076309204,
        1.3389918804168701,
        1.2855526208877563,
        0.6639323830604553,
        0.6558116674423218,
        0.4783036708831787,
        0.47789353132247925,
        0.4782216250896454,
        0.478467732667923,
        0.4858502149581909,
        19.697473526000977
    ],
    "std": [
        0.4311513602733612,
        0.3610326945781708,
        0.7875043153762817,
        0.3406393527984619,
        1.3521403074264526,
        0.3215126097202301,
        0.4524594247341156,
        0.07552246749401093,
        0.4475931227207184,
        0.45371904969215393,
        0.4342111647129059,
        0.47236233949661255,
        0.47510287165641785,
        0.49952903389930725,
        0.4995110332965851,
        0.49952542781829834,
        0.4995361864566803,
        0.4997996985912323,
        19.334856033325195
    ]
}