{
    "feature_names": [
        "timestamp",
        "sensors.flow0.value",
        "sensors.flow1.value",
        "sensors.flow2.value",
        "sensors.flow3.value",
        "sensors.flow4.value",
        "sensors.pressure0.value",
        "sensors.pressure1.value",
        "sensors.pressure2.value",
        "sensors.pressure3.value",
        "sensors.pressure4.value",
        "sensors.pressure5.value",
        "valves.bigvalve0.value",
        "valves.bigvalve1.value",
        "valves.valve0.value",
        "valves.valve1.value",
        "valves.valve2.value",
        "valves.valve3.value",
        "valves.valve4.value",
        "valves.change_time"
    ],
    "mean": [
        1765191296.0,
        2.6635866165161133,
        1.7933012247085571,
        0.5857834219932556,
        0.19960249960422516,
        1.759095549583435,
        2.1530444622039795,
        1.2230879068374634,
        1.1115078926086426,
        1.2389785051345825,
        1.1998385190963745,
        1.1958404779434204,
        0.6512044072151184,
        0.6749674677848816,
        0.4879557192325592,
        0.4869791567325592,
        0.48779296875,
        0.4881184995174408,
        0.4884440004825592,
        30.968786239624023
    ],
    "std": [
        1744.231689453125,
        0.4753088355064392,
        0.36819085478782654,
        0.7039692997932434,
        0.2923474907875061,
        1.3090438842773438,
        0.28924423456192017,
        0.40372809767723083,
        0.06427299976348877,
        0.3988615572452545,
        0.3981749415397644,
        0.3981100022792816,
        0.4765891432762146,
        0.46838703751564026,
        0.4998549520969391,
        0.4998305141925812,
        0.49985095858573914,
        0.4998588263988495,
        0.4998664855957031,
        21.00249671936035
    ]
}